[{"model": "auth.user", "pk": 12, "fields": {"password": "pbkdf2_sha256$600000$q5W3tf9ogiwL1z5zhvtSiy$FQrhTo8K3jC392Ryvw0Wzgze7ii2RROddd6osaQq7tY=", "last_login": "2024-02-25T15:42:50.041Z", "is_superuser": false, "username": "babu", "first_name": "", "last_name": "", "email": "balibabuchauhan1@gmail.com", "is_staff": false, "is_active": true, "date_joined": "2023-12-07T09:29:16.932Z", "groups": [], "user_permissions": []}}, {"model": "auth.user", "pk": 13, "fields": {"password": "pbkdf2_sha256$600000$fyWsn9WIMZAGonJCfQO9x1$9zLB2Icyzrc/qCyXOxIOwYTxmNK1KpzmxfGY+qvqC34=", "last_login": "2023-12-12T06:41:21.719Z", "is_superuser": false, "username": "Nitesh", "first_name": "", "last_name": "", "email": "niteshpatel98111@gmail.com", "is_staff": false, "is_active": true, "date_joined": "2023-12-12T06:41:19.833Z", "groups": [], "user_permissions": []}}, {"model": "auth.user", "pk": 14, "fields": {"password": "pbkdf2_sha256$600000$hfBfy2gIbezsF4A6KegZMX$RjE8V9JeJY6XJfFGpp+kw+gsrJBMHZ4c13kNldir1YQ=", "last_login": "2024-02-27T13:41:01.087Z", "is_superuser": false, "username": "balibabu", "first_name": "", "last_name": "", "email": "balibabuchauhan1@gmail.com", "is_staff": false, "is_active": true, "date_joined": "2023-12-16T08:04:04.533Z", "groups": [], "user_permissions": []}}, {"model": "auth.user", "pk": 15, "fields": {"password": "pbkdf2_sha256$600000$IyAExUvVcunagm4fHjwx9H$ci4fq+q922uyBAVRH1oOsYBdlx/9PHEAjcyfrO0j0J4=", "last_login": "2024-02-22T08:03:42.549Z", "is_superuser": true, "username": "balib", "first_name": "", "last_name": "", "email": "", "is_staff": true, "is_active": true, "date_joined": "2023-12-19T17:51:42.059Z", "groups": [], "user_permissions": []}}, {"model": "auth.user", "pk": 16, "fields": {"password": "pbkdf2_sha256$600000$uQDlVAsDKePjCv0VnrILh3$3B3Ni7m69DAfFYVvsxfSJqwFJyg7Zsd65x49pAfaqW8=", "last_login": "2023-12-29T16:25:48.914Z", "is_superuser": false, "username": "bishal2_fbrgj", "first_name": "", "last_name": "", "email": "bishalchauhan23@gmail.com", "is_staff": false, "is_active": true, "date_joined": "2023-12-29T16:25:46.804Z", "groups": [], "user_permissions": []}}, {"model": "auth.user", "pk": 17, "fields": {"password": "pbkdf2_sha256$600000$dANurWntj7FQogRKzvwolF$HXMjqWMM5NPG9y1TjPWqVuvo8XsqRSqyJxnaUZIjGpw=", "last_login": "2024-02-25T15:44:31.811Z", "is_superuser": false, "username": "bali", "first_name": "", "last_name": "", "email": "19410121182.m.balibabuchauhan@gmail.com", "is_staff": false, "is_active": true, "date_joined": "2024-01-02T18:53:34.240Z", "groups": [], "user_permissions": []}}, {"model": "auth.user", "pk": 18, "fields": {"password": "pbkdf2_sha256$600000$Pr6KPXSIbhS8TPxG3JRN2a$vzGhK8Yqz69zFh3MxN/trKs0eEOChO/gp1teCz46sUw=", "last_login": "2024-01-06T14:01:24.455Z", "is_superuser": false, "username": "Raja", "first_name": "", "last_name": "", "email": "ichbinsternchen43@gmail.com", "is_staff": false, "is_active": true, "date_joined": "2024-01-06T13:49:41.656Z", "groups": [], "user_permissions": []}}, {"model": "auth.user", "pk": 19, "fields": {"password": "pbkdf2_sha256$600000$kkngfEvUxznvP2u3owQF4z$USfwrMuXEMHJweGq/7MDWEQGUJaijSjWAj4IVnW2Ojk=", "last_login": "2024-01-27T08:14:39.868Z", "is_superuser": false, "username": "Np", "first_name": "", "last_name": "", "email": "niteatel98111@gmail.com", "is_staff": false, "is_active": true, "date_joined": "2024-01-27T08:14:38.529Z", "groups": [], "user_permissions": []}}, {"model": "auth.user", "pk": 20, "fields": {"password": "pbkdf2_sha256$600000$lhG0jwiXvsJcr3rOBh2Dpx$1oogiT5JBKIvPgOuvUDH0w/kP3dMCrHZlQpoYTbgooQ=", "last_login": "2024-01-29T18:12:10.043Z", "is_superuser": false, "username": "tester", "first_name": "", "last_name": "", "email": "19410121182.m.balibabuchauhan@gmail.com", "is_staff": false, "is_active": true, "date_joined": "2024-01-29T17:53:20.820Z", "groups": [], "user_permissions": []}}, {"model": "auth.user", "pk": 21, "fields": {"password": "pbkdf2_sha256$600000$TnFHyH3PRUB6jpnxuYEeE5$AQC/ql3cH8EeybR53ozGSWZCF3bB1kD92rdVhUUrwlU=", "last_login": "2024-02-19T07:34:53.678Z", "is_superuser": false, "username": "dummy", "first_name": "", "last_name": "", "email": "auha1@gmail.com", "is_staff": false, "is_active": true, "date_joined": "2024-02-19T04:03:42.930Z", "groups": [], "user_permissions": []}}, {"model": "todo.todo", "pk": 5, "fields": {"user": 12, "title": "Sew Sweater", "completed": true, "created_time": "2023-12-07T13:13:06.054Z", "category": "default"}}, {"model": "todo.todo", "pk": 6, "fields": {"user": 12, "title": "Make modal on top", "completed": true, "created_time": "2023-12-07T13:13:24.833Z", "category": "default"}}, {"model": "todo.todo", "pk": 7, "fields": {"user": 12, "title": "Design Todo editor", "completed": true, "created_time": "2023-12-07T13:13:58.739Z", "category": "default"}}, {"model": "todo.todo", "pk": 8, "fields": {"user": 12, "title": "Check Router Redirecting for GitHub pages", "completed": true, "created_time": "2023-12-07T13:14:58.399Z", "category": "default"}}, {"model": "todo.todo", "pk": 10, "fields": {"user": 12, "title": "Make separate div for title so it can fit", "completed": true, "created_time": "2023-12-07T13:16:53.910Z", "category": "default"}}, {"model": "todo.todo", "pk": 12, "fields": {"user": 12, "title": "show a tooltip about created and finished time", "completed": true, "created_time": "2023-12-07T17:43:10.340Z", "category": "default"}}, {"model": "todo.todo", "pk": 13, "fields": {"user": 12, "title": "add finished time at backend", "completed": true, "created_time": "2023-12-07T17:43:25.694Z", "category": "default"}}, {"model": "todo.todo", "pk": 15, "fields": {"user": 12, "title": "make todo list load only once", "completed": true, "created_time": "2023-12-07T18:45:45.414Z", "category": "default"}}, {"model": "todo.todo", "pk": 16, "fields": {"user": 12, "title": "Make completed bg more green", "completed": true, "created_time": "2023-12-07T19:10:09.102Z", "category": "default"}}, {"model": "todo.todo", "pk": 17, "fields": {"user": 12, "title": "show a loading ui while fetching", "completed": true, "created_time": "2023-12-07T19:15:10.334Z", "category": "default"}}, {"model": "todo.todo", "pk": 18, "fields": {"user": 12, "title": "Apply for job and update the resume", "completed": true, "created_time": "2023-12-08T03:55:56.330Z", "category": "default"}}, {"model": "todo.todo", "pk": 19, "fields": {"user": 12, "title": "set logged in after checking token", "completed": true, "created_time": "2023-12-08T09:52:17.031Z", "category": "default"}}, {"model": "todo.todo", "pk": 20, "fields": {"user": 12, "title": "Show you have completed all your goals", "completed": true, "created_time": "2023-12-08T14:40:02.706Z", "category": "default"}}, {"model": "todo.todo", "pk": 22, "fields": {"user": 12, "title": "Try hash router in diff app", "completed": true, "created_time": "2023-12-09T08:44:20.978Z", "category": "default"}}, {"model": "todo.todo", "pk": 24, "fields": {"user": 12, "title": "Change Task to Note", "completed": true, "created_time": "2023-12-09T18:24:16.381Z", "category": "default"}}, {"model": "todo.todo", "pk": 25, "fields": {"user": 12, "title": "Change Background Color of main page", "completed": true, "created_time": "2023-12-09T18:37:51.139Z", "category": "default"}}, {"model": "todo.todo", "pk": 26, "fields": {"user": 12, "title": "on logout remove stored lists", "completed": true, "created_time": "2023-12-10T08:45:10.155Z", "category": "default"}}, {"model": "todo.todo", "pk": 31, "fields": {"user": 12, "title": "email dutch college", "completed": true, "created_time": "2023-12-11T08:04:24.175Z", "category": "default"}}, {"model": "todo.todo", "pk": 32, "fields": {"user": 12, "title": "CREATE a vlogging or goal achieve app which logs what you did to achieve the goal", "completed": false, "created_time": "2023-12-11T13:14:49.181Z", "category": "default"}}, {"model": "todo.todo", "pk": 33, "fields": {"user": 12, "title": "Learn lazy loading", "completed": true, "created_time": "2023-12-12T04:50:57.607Z", "category": "default"}}, {"model": "todo.todo", "pk": 35, "fields": {"user": 13, "title": "Study", "completed": true, "created_time": "2023-12-12T06:41:38.693Z", "category": "default"}}, {"model": "todo.todo", "pk": 38, "fields": {"user": 12, "title": "add a toast \"you need to login to access this feature\"", "completed": true, "created_time": "2023-12-13T19:13:19.411Z", "category": "default"}}, {"model": "todo.todo", "pk": 40, "fields": {"user": 12, "title": "learn tailwind", "completed": true, "created_time": "2023-12-16T08:58:00.463Z", "category": "default"}}, {"model": "todo.todo", "pk": 41, "fields": {"user": 12, "title": "create auto deploy", "completed": true, "created_time": "2023-12-17T17:04:17.539Z", "category": "default"}}, {"model": "todo.todo", "pk": 42, "fields": {"user": 14, "title": "Loki", "completed": true, "created_time": "2023-12-17T18:08:54.366Z", "category": "default"}}, {"model": "todo.todo", "pk": 46, "fields": {"user": 12, "title": "Remove Twitter Logo", "completed": true, "created_time": "2023-12-20T17:19:52.528Z", "category": "default"}}, {"model": "todo.todo", "pk": 47, "fields": {"user": 12, "title": "Create a link shortner", "completed": true, "created_time": "2023-12-22T13:54:33.836Z", "category": "default"}}, {"model": "todo.todo", "pk": 48, "fields": {"user": 12, "title": "use parseInt('zz',36) or toString(36) in shortlink", "completed": true, "created_time": "2023-12-22T18:08:35.333Z", "category": "default"}}, {"model": "todo.todo", "pk": 50, "fields": {"user": 12, "title": "Create A Lunar Calendar", "completed": true, "created_time": "2023-12-23T17:52:07.553Z", "category": "default"}}, {"model": "todo.todo", "pk": 51, "fields": {"user": 12, "title": "try imgur-python for upload users image", "completed": true, "created_time": "2023-12-24T05:51:36.940Z", "category": "default"}}, {"model": "todo.todo", "pk": 54, "fields": {"user": 17, "title": "new goal", "completed": true, "created_time": "2024-01-04T17:00:50.975Z", "category": "default"}}, {"model": "todo.todo", "pk": 57, "fields": {"user": 12, "title": "Urgent, React Native Noteapp Offline", "completed": true, "created_time": "2024-01-06T09:12:54.700Z", "category": "default"}}, {"model": "todo.todo", "pk": 58, "fields": {"user": 12, "title": "Learn Rust Language", "completed": false, "created_time": "2024-01-11T11:53:05.064Z", "category": "default"}}, {"model": "todo.todo", "pk": 60, "fields": {"user": 12, "title": "Request Features", "completed": true, "created_time": "2024-01-20T03:42:18.448Z", "category": "default"}}, {"model": "todo.todo", "pk": 61, "fields": {"user": 12, "title": "Folder in Storage App, think-design-test-code", "completed": true, "created_time": "2024-01-25T18:30:24.105Z", "category": "My App Design"}}, {"model": "todo.todo", "pk": 64, "fields": {"user": 12, "title": "Expense App, default expense expanded", "completed": true, "created_time": "2024-01-25T19:11:33.232Z", "category": "Quick Ui fix"}}, {"model": "todo.todo", "pk": 65, "fields": {"user": 12, "title": "make date font bigger", "completed": true, "created_time": "2024-01-25T19:12:23.271Z", "category": "Quick Ui fix"}}, {"model": "todo.todo", "pk": 66, "fields": {"user": 12, "title": "Make expense adder bg dark", "completed": true, "created_time": "2024-01-25T19:16:41.617Z", "category": "Quick Ui fix"}}, {"model": "todo.todo", "pk": 70, "fields": {"user": 12, "title": "chg modal, useState show/hide div", "completed": true, "created_time": "2024-01-26T17:35:51.143Z", "category": "My App Design"}}, {"model": "todo.todo", "pk": 73, "fields": {"user": 17, "title": "Chauhan", "completed": false, "created_time": "2024-01-27T18:08:08.376Z", "category": "default"}}, {"model": "todo.todo", "pk": 74, "fields": {"user": 17, "title": "Hi there", "completed": false, "created_time": "2024-01-27T18:09:18.107Z", "category": "default"}}, {"model": "todo.todo", "pk": 75, "fields": {"user": 14, "title": "Underwear", "completed": false, "created_time": "2024-01-28T04:00:57.625Z", "category": "Short Home Travel"}}, {"model": "todo.todo", "pk": 76, "fields": {"user": 14, "title": "Brush, Facewash", "completed": false, "created_time": "2024-01-28T04:01:27.410Z", "category": "Short Home Travel"}}, {"model": "todo.todo", "pk": 77, "fields": {"user": 14, "title": "Laptop, Charger", "completed": false, "created_time": "2024-01-28T04:01:46.424Z", "category": "Short Home Travel"}}, {"model": "todo.todo", "pk": 78, "fields": {"user": 12, "title": "Expense, Analytics, Fix date", "completed": false, "created_time": "2024-01-28T04:03:34.194Z", "category": "Quick Ui fix"}}, {"model": "todo.todo", "pk": 79, "fields": {"user": 14, "title": "Earphones", "completed": false, "created_time": "2024-01-28T11:54:54.923Z", "category": "Short Home Travel"}}, {"model": "todo.todo", "pk": 80, "fields": {"user": 12, "title": "make justify content between, todo bar", "completed": true, "created_time": "2024-01-28T11:57:17.032Z", "category": "Quick Ui fix"}}, {"model": "todo.todo", "pk": 81, "fields": {"user": 12, "title": "make drag drop at root level", "completed": true, "created_time": "2024-01-28T16:06:31.352Z", "category": "Quick Ui fix"}}, {"model": "todo.todo", "pk": 82, "fields": {"user": 12, "title": "make todo list hidden, on click shows full", "completed": true, "created_time": "2024-01-28T16:07:11.101Z", "category": "Quick Ui fix"}}, {"model": "todo.todo", "pk": 83, "fields": {"user": 17, "title": "helo", "completed": false, "created_time": "2024-01-28T16:13:24.460Z", "category": "cat2"}}, {"model": "todo.todo", "pk": 84, "fields": {"user": 17, "title": "hi", "completed": false, "created_time": "2024-01-28T16:23:28.855Z", "category": "cat3"}}, {"model": "todo.todo", "pk": 85, "fields": {"user": 17, "title": "y", "completed": false, "created_time": "2024-01-28T16:24:08.359Z", "category": "cat4"}}, {"model": "todo.todo", "pk": 86, "fields": {"user": 17, "title": "jh", "completed": false, "created_time": "2024-01-28T16:24:18.377Z", "category": "cat5"}}, {"model": "todo.todo", "pk": 87, "fields": {"user": 17, "title": "jhg", "completed": false, "created_time": "2024-01-28T16:24:28.471Z", "category": "cat6"}}, {"model": "todo.todo", "pk": 88, "fields": {"user": 17, "title": "hjg", "completed": false, "created_time": "2024-01-28T16:24:36.977Z", "category": "cat7"}}, {"model": "todo.todo", "pk": 89, "fields": {"user": 17, "title": "ytttr", "completed": false, "created_time": "2024-01-28T16:24:51.072Z", "category": "cat7jytytytiyttyi"}}, {"model": "todo.todo", "pk": 90, "fields": {"user": 17, "title": "this is big para graphu", "completed": true, "created_time": "2024-01-28T16:27:14.824Z", "category": "test"}}, {"model": "todo.todo", "pk": 91, "fields": {"user": 17, "title": "this is big para graphuthis is big para graphu", "completed": false, "created_time": "2024-01-28T16:34:46.113Z", "category": "test"}}, {"model": "todo.todo", "pk": 92, "fields": {"user": 17, "title": "this is big para graphuthis i this is big para graphuthis is big para graphus big para graphu", "completed": false, "created_time": "2024-01-28T16:40:55.514Z", "category": "test"}}, {"model": "todo.todo", "pk": 94, "fields": {"user": 12, "title": "Create a generic loading ui, takes required params", "completed": true, "created_time": "2024-01-29T07:35:24.737Z", "category": "My App Design"}}, {"model": "todo.todo", "pk": 95, "fields": {"user": 12, "title": "Small padding in todo list item", "completed": true, "created_time": "2024-01-29T07:36:51.450Z", "category": "Quick Ui fix"}}, {"model": "todo.todo", "pk": 98, "fields": {"user": 20, "title": "Hi", "completed": false, "created_time": "2024-01-29T17:56:35.227Z", "category": "default"}}, {"model": "todo.todo", "pk": 99, "fields": {"user": 12, "title": "in todo, add swipe feature, to change the category", "completed": false, "created_time": "2024-01-29T20:28:52.927Z", "category": "My App Design"}}, {"model": "todo.todo", "pk": 101, "fields": {"user": 12, "title": "File Sharing App, Design Roughly first", "completed": true, "created_time": "2024-02-10T10:08:37.494Z", "category": "App Idea"}}, {"model": "todo.todo", "pk": 103, "fields": {"user": 12, "title": "Make key small, fileshare", "completed": true, "created_time": "2024-02-11T10:22:16.335Z", "category": "Quick Ui fix"}}, {"model": "todo.todo", "pk": 104, "fields": {"user": 12, "title": "Fix clip read for mobile devices", "completed": true, "created_time": "2024-02-11T10:22:38.575Z", "category": "Quick Ui fix"}}, {"model": "todo.todo", "pk": 106, "fields": {"user": 12, "title": "Fix Toast", "completed": true, "created_time": "2024-02-14T08:42:39.839Z", "category": "Quick Ui fix"}}, {"model": "todo.todo", "pk": 107, "fields": {"user": 12, "title": "decrease app border", "completed": true, "created_time": "2024-02-14T08:47:13.293Z", "category": "Quick Ui fix"}}, {"model": "todo.todo", "pk": 111, "fields": {"user": 12, "title": "fix thumbnail ping", "completed": true, "created_time": "2024-02-15T19:45:12.472Z", "category": "PhotoApp"}}, {"model": "todo.todo", "pk": 112, "fields": {"user": 12, "title": "check note for more details", "completed": true, "created_time": "2024-02-15T19:46:43.513Z", "category": "PhotoApp"}}, {"model": "todo.todo", "pk": 114, "fields": {"user": 12, "title": "Arrange photo with creation date", "completed": true, "created_time": "2024-02-16T06:24:45.203Z", "category": "PhotoApp"}}, {"model": "todo.todo", "pk": 115, "fields": {"user": 12, "title": "Add button for high or original quality store", "completed": true, "created_time": "2024-02-16T06:27:33.467Z", "category": "PhotoApp"}}, {"model": "todo.todo", "pk": 116, "fields": {"user": 12, "title": "arrange drop-down menu", "completed": true, "created_time": "2024-02-16T06:29:36.189Z", "category": "Quick Ui fix"}}, {"model": "todo.todo", "pk": 117, "fields": {"user": 12, "title": "do not upload same image twice, check with name and size", "completed": true, "created_time": "2024-02-16T07:28:49.844Z", "category": "PhotoApp"}}, {"model": "todo.todo", "pk": 118, "fields": {"user": 12, "title": "disable upload button while uploading", "completed": true, "created_time": "2024-02-16T07:34:27.383Z", "category": "PhotoApp"}}, {"model": "todo.todo", "pk": 119, "fields": {"user": 12, "title": "set files to null", "completed": true, "created_time": "2024-02-16T07:34:36.956Z", "category": "PhotoApp"}}, {"model": "todo.todo", "pk": 120, "fields": {"user": 12, "title": "loading ui", "completed": true, "created_time": "2024-02-16T07:37:58.170Z", "category": "PhotoApp"}}, {"model": "todo.todo", "pk": 122, "fields": {"user": 12, "title": "show image in new window", "completed": true, "created_time": "2024-02-16T09:02:12.515Z", "category": "PhotoApp"}}, {"model": "todo.todo", "pk": 123, "fields": {"user": 12, "title": "Login required Expense and Photo App", "completed": true, "created_time": "2024-02-16T15:47:16.730Z", "category": "Quick Ui fix"}}, {"model": "todo.todo", "pk": 124, "fields": {"user": 12, "title": "Arrange App default for unregistered user", "completed": true, "created_time": "2024-02-16T15:47:48.312Z", "category": "Quick Ui fix"}}, {"model": "todo.todo", "pk": 125, "fields": {"user": 12, "title": "change description of urlapp, give eg.", "completed": true, "created_time": "2024-02-17T02:25:08Z", "category": "Quick Ui fix"}}, {"model": "todo.todo", "pk": 126, "fields": {"user": 12, "title": "store images in indexed db", "completed": false, "created_time": "2024-02-17T19:09:39.202Z", "category": "PhotoApp"}}, {"model": "todo.todo", "pk": 127, "fields": {"user": 12, "title": "how to add dynamic favicon", "completed": true, "created_time": "2024-02-18T04:12:19.884Z", "category": "App Idea"}}, {"model": "todo.todo", "pk": 128, "fields": {"user": 12, "title": "framer motion", "completed": true, "created_time": "2024-02-18T12:12:17.109Z", "category": "App Idea"}}, {"model": "todo.todo", "pk": 129, "fields": {"user": 12, "title": "remove fixed height from todo for hiding scrollbar", "completed": true, "created_time": "2024-02-18T19:17:37.052Z", "category": "Quick Ui fix"}}, {"model": "todo.todo", "pk": 130, "fields": {"user": 12, "title": "setProgress 0, set processing on 100", "completed": true, "created_time": "2024-02-19T02:01:49.855Z", "category": "Quick Ui fix"}}, {"model": "todo.todo", "pk": 131, "fields": {"user": 12, "title": "current>index set completed", "completed": true, "created_time": "2024-02-19T02:06:30.138Z", "category": "Quick Ui fix"}}, {"model": "todo.todo", "pk": 132, "fields": {"user": 12, "title": "prevent refresh", "completed": true, "created_time": "2024-02-19T05:58:48.406Z", "category": "Quick Ui fix"}}, {"model": "todo.todo", "pk": 134, "fields": {"user": 12, "title": "no wrap upload button photo", "completed": true, "created_time": "2024-02-19T08:25:22.596Z", "category": "Quick Ui fix"}}, {"model": "todo.todo", "pk": 135, "fields": {"user": 12, "title": "main upload progress Fix", "completed": true, "created_time": "2024-02-19T08:26:01.037Z", "category": "Quick Ui fix"}}, {"model": "todo.todo", "pk": 136, "fields": {"user": 12, "title": "show upload all only when files", "completed": true, "created_time": "2024-02-19T15:44:58.755Z", "category": "Quick Ui fix"}}, {"model": "todo.todo", "pk": 137, "fields": {"user": 12, "title": "chat app, active checkbox, on checked will fetch message at interval", "completed": true, "created_time": "2024-02-20T10:00:04.069Z", "category": "App Idea"}}, {"model": "todo.todo", "pk": 139, "fields": {"user": 12, "title": "Add input field for mobile clip sync", "completed": false, "created_time": "2024-02-21T09:22:21.962Z", "category": "Quick Ui fix"}}, {"model": "todo.todo", "pk": 140, "fields": {"user": 12, "title": "key first then no. of files", "completed": true, "created_time": "2024-02-21T12:55:08.438Z", "category": "Quick Ui fix"}}, {"model": "todo.todo", "pk": 142, "fields": {"user": 12, "title": "use db instead of pickle file", "completed": true, "created_time": "2024-02-22T17:52:29.051Z", "category": "Quick Ui fix"}}, {"model": "todo.todo", "pk": 143, "fields": {"user": 12, "title": "remove functions from item render", "completed": false, "created_time": "2024-02-23T11:35:19.145Z", "category": "Quick Ui fix"}}, {"model": "todo.todo", "pk": 144, "fields": {"user": 12, "title": "ask gpt item efficient", "completed": true, "created_time": "2024-02-23T18:27:21.144Z", "category": "default"}}, {"model": "todo.todo", "pk": 145, "fields": {"user": 12, "title": "if size of thumbnail is less than the size of original photo then fetch", "completed": true, "created_time": "2024-02-24T07:45:28.206Z", "category": "Quick Ui fix"}}, {"model": "todo.todo", "pk": 146, "fields": {"user": 12, "title": "build for yourself, https://karpathy.ai/", "completed": false, "created_time": "2024-02-25T06:44:49.235Z", "category": "default"}}, {"model": "todo.todo", "pk": 148, "fields": {"user": 12, "title": "research paper, page creater", "completed": false, "created_time": "2024-02-25T09:59:50.138Z", "category": "App Idea"}}, {"model": "todo.todo", "pk": 149, "fields": {"user": 12, "title": "design page creater", "completed": true, "created_time": "2024-02-25T17:01:57.846Z", "category": "App Idea"}}, {"model": "todo.todo", "pk": 150, "fields": {"user": 12, "title": "pointer-events : none", "completed": false, "created_time": "2024-02-26T06:57:42.668Z", "category": "default"}}, {"model": "todo.todo", "pk": 151, "fields": {"user": 12, "title": "YouTube music downloader", "completed": false, "created_time": "2024-02-26T18:55:13.336Z", "category": "App Idea"}}, {"model": "todo.todo", "pk": 152, "fields": {"user": 12, "title": "reduce padding note editor", "completed": false, "created_time": "2024-02-26T18:56:55.992Z", "category": "Quick Ui fix"}}, {"model": "todo.todo", "pk": 153, "fields": {"user": 14, "title": "Towel", "completed": false, "created_time": "2024-02-27T00:35:10.551Z", "category": "Short Home Travel"}}, {"model": "todo.todo", "pk": 154, "fields": {"user": 12, "title": "update shortlink intro", "completed": false, "created_time": "2024-02-27T07:52:20.107Z", "category": "Quick Ui fix"}}, {"model": "notepad.note", "pk": 7, "fields": {"user": 12, "title": "Notepad", "description": "### Advance Feature ####\n-> notes grouping  [balibabu.github.io/myapp#/a/s]\nshared tab\n\n-> make url clickable\n-> allow for creating Title [like h1, h2 using # like in discord, github, jupyter]\n-> Font choosable for each note, [don't change table, use UserData table]", "color": "#00b3b3", "created_time": "2023-12-09T18:36:30.179Z", "modified_time": "2024-01-25T18:31:22.196Z"}}, {"model": "notepad.note", "pk": 30, "fields": {"user": 13, "title": "Sunday", "description": "Physics\nChemestry", "color": "#00ffff", "created_time": "2023-12-12T06:47:32.930Z", "modified_time": "2024-01-14T11:15:48.007Z"}}, {"model": "notepad.note", "pk": 35, "fields": {"user": 12, "title": "Games", "description": "## Simon Game\n-> add user data\n\n## Sudoku game\n- import from old project", "color": "#9b9e59", "created_time": "2023-12-12T14:33:42.060Z", "modified_time": "2024-02-12T19:00:43.787Z"}}, {"model": "notepad.note", "pk": 37, "fields": {"user": 13, "title": "Lisence", "description": "Dotm", "color": "#dcdcdc", "created_time": "2023-12-14T05:32:39.960Z", "modified_time": "2024-01-14T11:15:48.007Z"}}, {"model": "notepad.note", "pk": 40, "fields": {"user": 14, "title": "Take Things Back Home", "description": "-> plastics\n-> bora\n-> oil bottle\n-> bulb (fix it, using a new power controller)", "color": "#a7c957", "created_time": "2023-12-16T08:04:57.449Z", "modified_time": "2024-02-16T12:39:18.195Z"}}, {"model": "notepad.note", "pk": 41, "fields": {"user": 14, "title": "New List For Hetauda", "description": "- vim soap\n- chillies powder", "color": "#21a1de", "created_time": "2023-12-16T08:06:45.074Z", "modified_time": "2024-02-15T03:52:48.379Z"}}, {"model": "notepad.note", "pk": 62, "fields": {"user": 12, "title": "Clipboard Synchronisation Locally", "description": "link -> balibabu.github.io/myapp#/a/b\n\nfrom flask import Flask, render_template\nfrom flask_socketio import SocketIO\nimport pyperclip\n\napp = Flask(__name__)\nsocketio = SocketIO(app)\n\n@socketio.on('connect')\ndef handle_connect():\n    print('Client connected')\n    clipboard_content = pyperclip.paste()\n    socketio.emit('update_clipboard', {'content': clipboard_content})\n\nif __name__ == '__main__':\n    socketio.run(app, host='0.0.0.0', port=5000)\n\n\n\nimport React, { useEffect } from 'react';\nimport { View, Text, Clipboard } from 'react-native';\nimport io from 'socket.io-client';\n\nconst App = () => {\n  useEffect(() => {\n    const socket = io('http://192.168.x.x:5000');  // Replace with your laptop's IP\n\n    socket.on('update_clipboard', data => {\n      const clipboardContent = data.content;\n      Clipboard.setString(clipboardContent);\n      console.log('Clipboard updated:', clipboardContent);\n    });\n\n    return () => {\n      socket.disconnect();\n    };\n  }, []);\n\n  return (\n    <View>\n      <Text>Listening to Clipboard Updates</Text>\n    </View>\n  );\n};\n\nexport default App;", "color": "#74db72", "created_time": "2023-12-30T17:19:32.101Z", "modified_time": "2024-01-14T11:15:48.007Z"}}, {"model": "notepad.note", "pk": 68, "fields": {"user": 12, "title": "My App", "description": "- auto backup sqlite.db daily on private github\n- create a thread/facebook/vlog where people can post or write something\n- change font weekly - option\n- feedback page - anyone\nthread like forums\n> create fileshare app\nload img and show profile image\n\n\nfunction changeFavicon(src) {\n  let link = document.querySelector(\"link[rel~='icon']\");\n  if (!link) {\n    link = document.createElement('link');\n    link.rel = 'icon';\n    document.getElementsByTagName('head')[0].appendChild(link);\n  }\n  link.href = src;\n}", "color": "#ff8fab", "created_time": "2024-01-03T07:03:13.722Z", "modified_time": "2024-02-19T20:25:03.720Z"}}, {"model": "notepad.note", "pk": 69, "fields": {"user": 12, "title": "Utility", "description": "Make Font Choosable and make it separate for different page [add this to userdata table]\n\nFloating Box Effect Trick:\n- color of box little brighter than bgcolor\n-color of shadow little darker than bg color\n- add blur radius from all side of little\n- add offset from consequtive two side with blur radius\nbox-shadow: [horizontal offset] [vertical offset] [blur radius] [spread radius] [color];\neg: box-shadow: 5px 5px 10px 0 #2c2c2c, -3px -3px 5px 0 #2c2c2c;\nyou can multiple of css using comma,", "color": "#a28fff", "created_time": "2024-01-03T07:36:43.827Z", "modified_time": "2024-02-21T04:02:04.144Z"}}, {"model": "notepad.note", "pk": 71, "fields": {"user": 18, "title": "wadws", "description": "awdsasdw", "color": "#ffea00", "created_time": "2024-01-06T13:57:00.117Z", "modified_time": "2024-01-14T11:15:48.007Z"}}, {"model": "notepad.note", "pk": 72, "fields": {"user": 14, "title": "Raxaul", "description": "vico\n2ndHandMobCheck\npower controller", "color": "#a2d2ff", "created_time": "2024-01-07T04:22:36.709Z", "modified_time": "2024-02-17T14:55:42.030Z"}}, {"model": "notepad.note", "pk": 73, "fields": {"user": 12, "title": "Photu App", "description": "Image Compression Libraries: Compressor.js\nhttps://github.com/sumankalia/compress_image_react.git\n\n\nVideo Compression Libraries:\nffmpeg.js\nVideoconverter.js\nMediaRecorder API\nmux.js\n\n\n### Features\n-> store loaded images or thumbnail in local storage\n-> shared photos\n\n\n\n\nCopyright © 2011-2024 PythonAnywhere LLP — Terms — Privacy & Cookies", "color": "#d4a373", "created_time": "2024-01-08T10:16:51.806Z", "modified_time": "2024-02-17T11:43:33.795Z"}}, {"model": "notepad.note", "pk": 149, "fields": {"user": 15, "title": "you better run", "description": "", "color": "#d4a373", "created_time": "2024-01-22T12:47:08.252Z", "modified_time": "2024-01-22T12:47:08.252Z"}}, {"model": "notepad.note", "pk": 150, "fields": {"user": 15, "title": "new note", "description": "hi there", "color": "#d4a373", "created_time": "2024-01-22T12:47:08.647Z", "modified_time": "2024-01-22T12:47:08.647Z"}}, {"model": "notepad.note", "pk": 151, "fields": {"user": 15, "title": "gain", "description": "", "color": "#d4a373", "created_time": "2024-01-22T12:48:51.012Z", "modified_time": "2024-01-22T12:48:51.012Z"}}, {"model": "notepad.note", "pk": 159, "fields": {"user": 12, "title": "Android Studio", "description": "-> find how to connect two phone to a network and send text using hotspot and wifi\n\nthings can be achieved with hotspot and wifi between connected devices \n\nfind working of dormi\nfind working of WhatsApp video\nfind working of wakie takie", "color": "#ffc8dd", "created_time": "2024-01-26T13:28:03.016Z", "modified_time": "2024-01-27T04:50:58.315Z"}}, {"model": "notepad.note", "pk": 160, "fields": {"user": 17, "title": "Ho la", "description": "", "color": "#87f74a", "created_time": "2024-01-27T18:09:50.193Z", "modified_time": "2024-01-27T18:09:50.193Z"}}, {"model": "notepad.note", "pk": 163, "fields": {"user": 14, "title": "All Phones", "description": "ARK\nBenefit A3\nASUS\nROG Phone 2 (ZS660KL)\nI001D\nROG Phone 3\nZenfone 2 (1080p)\nZ00A\nZenfone 2 (720p)\nZ008\nZenfone 2 (ZE500CL)\nZ00D\nZenfone 2 Laser (1080p)\nAKA Zenfone 2 Selfie (1080p)\nZ00T\nZenfone 2 Laser (720p)\nZ00L\nZenfone 3\nZenfone 5Z (ZS620KL)\nZ01R\nZenfone 6 (ZS630KL)\nI01WD\nZenFone 8\nZenfone Max M1\nX00P\nZenfone Max M2\nX01AD\nZenfone Max Pro M1\nX00TD\nZenfone Max Pro M2\nX01BD\nZenPad 8.0 (Z380KL)\nP024\nBanana Pi\nM5 (Android TV)\nM5 (Tablet)\nBQ\nAquaris E5 4G\nAKA Aquaris E5s\nAquaris M5\nAquaris U\nAquaris U Plus\nAquaris X\nAquaris X Pro\nAquaris X2\nAquaris X2 Pro\nAquaris X5\nAquaris X5 Plus\nDynalink\nTV Box 4K (2021)\nEssential\nPH-1\nF(x)tec\nPro¹\nPro¹ X\nFairphone\nFairphone 2\nFP2\nFairphone 3\nAKA Fairphone 3+\nFP3\nFairphone 4\nFP4\nGoogle\nADT-3\nAndroid One 2nd Gen\nGalaxy Nexus GSM\nGalaxy Nexus LTE (Sprint)\nGalaxy Nexus LTE (Verizon)\nNexus 10\nNexus 4\nNexus 5\nNexus 5X\nNexus 6\nNexus 6P\nNexus 7 (Wi-Fi, 2013 version)\nNexus 7 2013 (LTE)\nNexus 7 2013 (LTE, Repartitioned)\nNexus 7 2013 (Wi-Fi, Repartitioned)\nNexus 9 (LTE)\nNexus 9 (Wi-Fi)\nNexus Player\nPixel\nPixel 2\nPixel 2 XL\nPixel 3\nPixel 3 XL\nPixel 3a\nPixel 3a XL\nPixel 4\nPixel 4 XL\nPixel 4a\nPixel 4a 5G\nPixel 5\nPixel 5a\nPixel 6\nPixel 6 Pro\nPixel 6a\nPixel 7\nPixel 7 Pro\nPixel 7a\nPixel C\nPixel Tablet\nPixel XL\nHardKernel\nODROID-C4 (Android TV)\nODROID-C4 (Tablet)\nHTC\nHTC 10\nOne (GSM)\nOne (M8)\nOne (M8) Dual SIM\nOne (Verizon)\nOne A9\nOne M9 (GSM)\nOne M9 (Verizon)\nOne Max (GSM)\nOne Max (Verizon)\nHuawei\nAscend Mate 2 4G\nHonor 4\nAKA Honor 4X\nHonor 4x (China Telecom)\nHonor 5X\nHonor View 10\nP Smart\nP20 Lite\nP20 Pro\nLeEco\nLe 2\nLe Max2\nLe Pro3\nAKA Le Pro3 Elite\nLenovo\nP2\nVibe K5\nAKA Vibe K5 Plus\nA6020\nVibe Z2 Pro\nYoga Tab 3 Plus LTE\nYTX703L\nYoga Tab 3 Plus Wi-Fi\nYTX703F\nZ5 Pro GT\nZ6 Pro\nLG\nG Pad 7.0 (LTE)\nG Pad 7.0 WiFi\nG Pad 8.0 (Wi-Fi)\nG Pad 8.3\nG Pad X (T-Mobile)\nG2 (AT&T)\nG2 (Canadian)\nG2 (International)\nG2 (T-Mobile)\nG2 Mini\nG3 (AT&T)\nG3 (Canada)\nG3 (International)\nG3 (Korea)\nG3 (Sprint)\nG3 (T-Mobile)\nG3 (Verizon)\nG3 Beat\nG3 S\nG4 (International)\nG4 (T-Mobile)\nG5 (International)\nG5 (T-Mobile)\nG5 (US Unlocked)\nG6 (EU Unlocked)\nG6 (T-Mobile)\nG6 (US Unlocked)\nK10\nL90\nOptimus L70\nV20 (AT&T)\nV20 (Global)\nV20 (GSM Unlocked - DirtySanta)\nV20 (GSM Unlocked)\nV20 (Sprint)\nV20 (T-Mobile)\nV20 (Verizon)\nV30 (T-Mobile)\nV30 (Unlocked)\nMotorola\nDROID 4\nDROID BIONIC\nDROID RAZR (CDMA)\nAKA DROID RAZR MAXX (CDMA)\nDROID RAZR (GSM)\nAKA DROID RAZR MAXX (GSM)\nAKA moto g100\nAKA moto one 5G ace\nAKA moto one 5G\nAKA Edge S30\nAKA moto x style (2015)\nAKA moto z (2018)\nAKA one fusion+ (India)\nAKA p50\nPHOTON Q 4G LTE\nNextbit\nRobin\nNokia\nNokia 6.1 (2018)\nPL2\nNokia 6.1 Plus\nDRG\nNothing\nPhone (1)\nSpacewar\nNubia\nMini 5G\nTP1803\nPlay 5G\nAKA Red Magic 5G Lite\nRed Magic\nRed Magic 5G (Global)\nAKA Red Magic 5G (China) Red Magic 5S (Global) Red Magic 5S (China)\nRed Magic Mars\nZ17\nZ18\nZ18 Mini\nZ9 Max\nNVIDIA\nJetson Nano [Android TV]\nAKA Jetson Nano 2GB [Android TV]\nJetson Nano [Tablet]\nAKA Jetson Nano 2GB [Tablet]\nJetson TX2 [Android TV]\nAKA Jetson TX2 NX [Android TV]\nJetson TX2 [Tablet]\nAKA Jetson TX2 NX [Tablet]\nShield Portable\nShield Tablet\nShield TV (2015 / 2015 Pro / 2017 / 2019 Pro) [Android TV]\nAKA Jetson TX1 [Android TV]\nShield TV (2015 / 2015 Pro / 2017 / 2019 Pro) [Tablet]\nAKA Jetson TX1 [Tablet]\nShield TV 2019 Pro [Android TV]\nShield TV 2019 Pro [Tablet]\nOnePlus\nOnePlus 2\nOnePlus 3\nAKA OnePlus 3T\nOnePlus 5\nOnePlus 5T\nOnePlus 6\nOnePlus 6T\nOnePlus 7\nOnePlus 7 Pro\nOnePlus 7T\nOnePlus 7T Pro\nOnePlus 8\nOnePlus 8 Pro\nOnePlus 8T\nOnePlus 9\nOnePlus 9 Pro\nOnePlus 9R\nOnePlus 9RT\nOnePlus Nord\nOnePlus Nord N200\nOnePlus One\nOnePlus X\nOPPO\nF1 (International)\nFind 7a\nAKA Find 7s\nN3\nR5 (International)\nAKA R5s (International)\nR7 Plus (International)\nR7s (International)\nRadxa\nZero (Android TV)\nZero (Tablet)\nRazer\nPhone\nPhone 2\nRealme\nRealme 2 Pro\nRMX1801\nRealme 3 Pro\nRMX1851\nSamsung\nGalaxy A3 (2016)\nGalaxy A5 (2016)\nGalaxy A5 (2017)\nGalaxy A52 4G\nGalaxy A52s 5G\nGalaxy A7 (2016)\nGalaxy A7 (2017)\nGalaxy A72\nGalaxy A73 5G\nGalaxy F62\nAKA Galaxy M62\nGalaxy Grand 2 Duos\nGalaxy J7 (2015)\nGalaxy M20\nGalaxy M52 5G\nGalaxy Note 10.1 2014 (LTE)\nGalaxy Note 10.1 Wi-Fi (2014)\nGalaxy Note 2 (LTE)\nGalaxy Note 3 (International 3G)\nGalaxy Note 3 LTE (N9005/P)\nGalaxy Note 3 LTE (N9008V)\nGalaxy Note 3 LTE (N900K/L/S)\nGalaxy Note 3 LTE (N900T/V/W8)\nGalaxy Note 8.0 (GSM)\nGalaxy Note 8.0 (LTE)\nGalaxy Note 8.0 (Wi-Fi)\nGalaxy Note 9\nGalaxy Note Pro 12.2 Wi-Fi\nGalaxy Note10\nGalaxy Note10+\nGalaxy Note10+ 5G\nGalaxy S II\nGalaxy S III (AT&T)\nGalaxy S III (International)\nGalaxy S III (LTE / International)\nGalaxy S III (Sprint)\nGalaxy S III (T-Mobile)\nGalaxy S III (Verizon)\nGalaxy S III Neo (Dual SIM)\nGalaxy S III Neo (Samsung Camera)\nGalaxy S III Neo (Sony Camera)\nGalaxy S10\nGalaxy S10 5G\nGalaxy S10+\nGalaxy S10e\nGalaxy S4 (GT-I9505, SGH-I337M, SGH-M919/V)\nGalaxy S4 (SCH-I545)\nGalaxy S4 (SCH-R970, SPH-L720)\nGalaxy S4 (SGH-I337)\nGalaxy S4 Active\nGalaxy S4 LTE-A (GT-I9506)\nGalaxy S4 Mini (International 3G)\nGalaxy S4 Mini (International Dual SIM)\nGalaxy S4 Mini (International LTE)\nGalaxy S4 Value Edition (GT-I9515/L)\nGalaxy S5 (International 3G)\nGalaxy S5 Active (G870F)\nGalaxy S5 LTE (G9006V/8V)\nGalaxy S5 LTE (G900AZ/S902L)\nGalaxy S5 LTE (G900F/M/R4/R7/T/T3/V/W8)\nGalaxy S5 LTE (G900I/P)\nGalaxy S5 LTE (G900K/L/S)\nGalaxy S5 LTE (SC-04F/SCL23)\nGalaxy S5 LTE Duos (G9006W/8W)\nGalaxy S5 LTE Duos (G900FD/MD)\nGalaxy S5 LTE-A\nGalaxy S5 Neo\nGalaxy S5 Plus\nGalaxy S5 Sport\nGalaxy S6\nGalaxy S6 Edge\nGalaxy S7\nGalaxy S7 Edge\nGalaxy S9\nGalaxy S9+\nGalaxy Tab 2 7.0 (GSM)\nAKA Galaxy Tab 2 10.1 (GSM)\nGalaxy Tab 2 7.0 (Wi-Fi / Wi-Fi + IR)\nAKA Galaxy Tab 2 10.1 (Wi-Fi / Wi-Fi + IR)\nGalaxy Tab 3 7.0 LTE\nGalaxy Tab A 8.0 (2019)\nGalaxy Tab A7 10.4 2020 (LTE)\nGalaxy Tab A7 10.4 2020 (Wi-Fi)\nGalaxy Tab E 8.0 LTE (Sprint)\nGalaxy Tab E 9.6 (WiFi)\nGalaxy Tab PRO 10.1\nGalaxy Tab Pro 8.4\nGalaxy Tab S 10.5 LTE\nGalaxy Tab S 10.5 Wi-Fi\nGalaxy Tab S 8.4 Wi-Fi\nGalaxy Tab S2 8.0 Wi-Fi (2016)\nGalaxy Tab S2 9.7 (LTE)\nGalaxy Tab S2 9.7 (Wi-Fi)\nGalaxy Tab S2 9.7 Wi-Fi (2016)\nGalaxy Tab S5e (LTE)\nGalaxy Tab S5e (Wi-Fi)\nGalaxy Tab S6 Lite (LTE)\nGalaxy Tab S6 Lite (Wi-Fi)\nSHIFT\nSHIFT6mq\nSony\nXperia 1 II\nXperia 1 III\nXperia 10\nXperia 10 Plus\nXperia 5 II\nXperia 5 III\nXperia L\nXperia M\nXperia SP\nXperia T\nXperia Tablet Z LTE\nXperia Tablet Z Wi-Fi\nXperia Tablet Z2 LTE\nXperia Tablet Z2 Wi-Fi\nXperia TX\nXperia V\nXperia X\nXperia X Compact\nXperia XA2\nXperia XA2 Plus\nXperia XA2 Ultra\nXperia XZ2\nXperia XZ2 Compact\nXperia XZ2 Premium\nXperia XZ3\nXperia Z\nXperia Z2\nXperia Z3\nXperia Z3 Compact\nXperia Z3+\nXperia Z4 Tablet LTE\nXperia Z4 Tablet WiFi\nXperia Z5\nXperia Z5 Compact\nXperia ZL\nXperia ZR\nWalmart\nWileyfox\nStorm\nSwift\nWingtech\nRedmi 2\nXiaomi\nXiaomi 11 Lite 5G NE\nAKA Xiaomi 11 Lite NE 5G Mi 11 LE\nMi 10 Lite 5G\nMi 10T\nAKA Mi 10T Pro Redmi K30S Ultra\nMi 10T Lite 5G\nAKA Mi 10i 5G Redmi Note 9 Pro 5G\nMi 11 Lite 5G\nMi 11 Pro\nMi 11i\nAKA Redmi K40 Pro Redmi K40 Pro+ Mi 11X Pro\nMi 3\nAKA Mi 4\nMi 4c\nMi 5\nMi 5s\nMi 5s Plus\nMi 6\nMi 6X\nMi 8\nMi 8 Explorer Edition\nMi 8 Lite\nMi 8 Pro\nMi 8 SE\nMi 9 SE\nMi 9T\nAKA Redmi K20 (China) Redmi K20 (India)\nMi A1\nMi A2\nMi CC 9\nAKA Mi 9 Lite\nMi CC9 Meitu Edition\nMi Max\nMi MIX\nMi MIX 2\nMi MIX 2S\nMi MIX 3\nMi Note 2\nMi Note 3\nPoco F1\nPOCO F2 Pro\nAKA Redmi K30 Pro Redmi K30 Pro Zoom Edition\nPOCO F3\nAKA Redmi K40 Mi 11X\nPOCO M2 Pro\nAKA Redmi Note 9S Redmi Note 9 Pro (Global) Redmi Note 9 Pro (India) Redmi Note 9 Pro Max Redmi Note 10 Lite\nPOCO X3 NFC\nPOCO X3 Pro\nRedmi 1S\nRedmi 3\nAKA Redmi 3 Prime\nRedmi 3S\nAKA Redmi 3X Redmi 4 (India) Redmi 4X Redmi Note 5A Prime Redmi Y1 Prime\nMi8937\nRedmi 3S / 3X\nRedmi 4(X)\nRedmi 4A\nAKA Redmi 5A Redmi Note 5A Lite Redmi Y1 Lite\nMi8917\nRedmi 7\nAKA Redmi Y3\nRedmi 7A\nAKA Redmi 8 Redmi 8A Redmi 8A Dual\nMi439\nRedmi 9\nRedmi Note 10 Pro\nAKA Redmi Note 10 Pro (India) Redmi Note 10 Pro Max (India)\nRedmi Note 10S\nAKA Redmi Note 10S NFC Redmi Note 10S Latin America\nRedmi Note 3\nRedmi Note 4\nRedmi Note 5 Pro\nRedmi Note 6 Pro\nRedmi Note 7\nRedmi Note 7 Pro\nRedmi Note 8\nAKA Redmi Note 8T\nRedmi Note 9\nYandex\nPhone\nAmber\nYU\nYunique\nYuphoria\nYureka\nAKA Yureka Plus\nZTE\nAT&T Trek 2 HD\nAxon 7\nAxon 7 Mini\nZUK\nZ1\nZ2 Plus", "color": "#ff8fab", "created_time": "2024-02-11T13:55:06.790Z", "modified_time": "2024-02-11T17:05:44.592Z"}}, {"model": "notepad.note", "pk": 167, "fields": {"user": 12, "title": "Framer Motion", "description": "required animations\non click - rotate, window move\nsvg - creation", "color": "#d4a373", "created_time": "2024-02-19T02:17:48.495Z", "modified_time": "2024-02-24T17:18:53.009Z"}}, {"model": "notepad.note", "pk": 168, "fields": {"user": 19, "title": "Nfnrn", "description": "", "color": "#d4a373", "created_time": "2024-02-19T12:56:36.997Z", "modified_time": "2024-02-19T12:56:36.997Z"}}, {"model": "notepad.note", "pk": 173, "fields": {"user": 12, "title": "Multiple Servers", "description": "let user choose server if current server is slow ", "color": "#2ec4b6", "created_time": "2024-02-23T11:24:22.141Z", "modified_time": "2024-02-26T18:54:26.174Z"}}, {"model": "notepad.note", "pk": 174, "fields": {"user": 12, "title": "Youtube Need", "description": "-> video compressor at frontend react", "color": "#2d7ec4", "created_time": "2024-02-23T12:27:58.959Z", "modified_time": "2024-02-26T18:53:56.880Z"}}, {"model": "notepad.note", "pk": 175, "fields": {"user": 12, "title": "New Storage", "description": "Model: oname, uname, size, chunks[number of chunks]\n\nno need for timestamp, it can be extracted from uname", "color": "#94d472", "created_time": "2024-02-26T18:53:35.282Z", "modified_time": "2024-02-26T18:56:25.334Z"}}, {"model": "expense.expense", "pk": 1, "fields": {"user": 12, "title": "Chau Chau", "date": "2023-12-16", "amount": 20, "note": ""}}, {"model": "expense.expense", "pk": 2, "fields": {"user": 14, "title": "recharge", "date": "2023-12-16", "amount": 20, "note": ""}}, {"model": "expense.expense", "pk": 3, "fields": {"user": 14, "title": "NTC recharge", "date": "2023-12-17", "amount": 20, "note": "wifi was not working so bought rs15 data pack 150MB+150MB plan"}}, {"model": "expense.expense", "pk": 4, "fields": {"user": 14, "title": "Vegetable Kobhi", "date": "2023-12-19", "amount": 30, "note": "with friend nitesh"}}, {"model": "expense.expense", "pk": 5, "fields": {"user": 14, "title": "rent portion", "date": "2023-12-21", "amount": 2000, "note": "auntie needed money for kista"}}, {"model": "expense.expense", "pk": 7, "fields": {"user": 14, "title": "Badam", "date": "2023-12-25", "amount": 30, "note": "with friend (Nitesh)"}}, {"model": "expense.expense", "pk": 8, "fields": {"user": 14, "title": "Potato 1/2kg", "date": "2023-12-25", "amount": 25, "note": ""}}, {"model": "expense.expense", "pk": 9, "fields": {"user": 12, "title": "kobhi", "date": "2023-12-25", "amount": 10, "note": ""}}, {"model": "expense.expense", "pk": 10, "fields": {"user": 12, "title": "aalu", "date": "2023-12-25", "amount": 25, "note": ""}}, {"model": "expense.expense", "pk": 11, "fields": {"user": 14, "title": "Lent Money", "date": "2023-12-26", "amount": 5, "note": "nitesh was short 5 rupees for buying eggs(rs15)"}}, {"model": "expense.expense", "pk": 12, "fields": {"user": 14, "title": "Wai Wai Chau Chau", "date": "2023-12-28", "amount": 20, "note": "at evening time, cooked"}}, {"model": "expense.expense", "pk": 13, "fields": {"user": 14, "title": "Chicken", "date": "2023-12-30", "amount": 100, "note": "with friend Nitesh, twice"}}, {"model": "expense.expense", "pk": 14, "fields": {"user": 14, "title": "Chicken", "date": "2024-01-01", "amount": 100, "note": "new year celebration"}}, {"model": "expense.expense", "pk": 15, "fields": {"user": 14, "title": "kobhi+murai", "date": "2024-01-01", "amount": 45, "note": "kobhi 3kg rs.100 murai 1kg rs20"}}, {"model": "expense.expense", "pk": 16, "fields": {"user": 14, "title": "pustakari", "date": "2024-01-03", "amount": 10, "note": "5+5 with nitesh at evening"}}, {"model": "expense.expense", "pk": 17, "fields": {"user": 14, "title": "chicken", "date": "2024-01-05", "amount": 100, "note": ""}}, {"model": "expense.expense", "pk": 18, "fields": {"user": 18, "title": "dawd", "date": "2024-01-06", "amount": 1231, "note": ""}}, {"model": "expense.expense", "pk": 19, "fields": {"user": 18, "title": "wad", "date": "2024-01-06", "amount": 123, "note": "adwwdads"}}, {"model": "expense.expense", "pk": 20, "fields": {"user": 14, "title": "Kobhi + Murai", "date": "2024-01-07", "amount": 30, "note": "25+5"}}, {"model": "expense.expense", "pk": 21, "fields": {"user": 14, "title": "Bus ticket", "date": "2024-01-09", "amount": 150, "note": "traveling from hetauda to birgunj"}}, {"model": "expense.expense", "pk": 22, "fields": {"user": 14, "title": "Kobhi", "date": "2024-01-09", "amount": 25, "note": "[mom in fulwariya] alone in Birgunj, so bought kobhi, made namkeen bhaat"}}, {"model": "expense.expense", "pk": 23, "fields": {"user": 14, "title": "Bus Ticket to Hetauda", "date": "2024-01-11", "amount": 150, "note": ""}}, {"model": "expense.expense", "pk": 24, "fields": {"user": 14, "title": "Travel", "date": "2024-01-11", "amount": 30, "note": "from hetauda bus park to chaughada"}}, {"model": "expense.expense", "pk": 25, "fields": {"user": 14, "title": "Chicken", "date": "2024-01-15", "amount": 100, "note": ""}}, {"model": "expense.expense", "pk": 26, "fields": {"user": 14, "title": "Aadi", "date": "2024-01-15", "amount": 20, "note": "to put it on chicken"}}, {"model": "expense.expense", "pk": 27, "fields": {"user": 14, "title": "Ncell Recharge", "date": "2024-01-16", "amount": 50, "note": "to activate the ncell sim"}}, {"model": "expense.expense", "pk": 28, "fields": {"user": 14, "title": "Kobhi", "date": "2024-01-18", "amount": 30, "note": "vegetable"}}, {"model": "expense.expense", "pk": 29, "fields": {"user": 14, "title": "Chau Chau", "date": "2024-01-18", "amount": 20, "note": "wai wai, enjoyed eating"}}, {"model": "expense.expense", "pk": 30, "fields": {"user": 14, "title": "Foam Mattress", "date": "2024-01-19", "amount": 200, "note": "to overcome cold from bed"}}, {"model": "expense.expense", "pk": 31, "fields": {"user": 14, "title": "Chocolate", "date": "2024-01-19", "amount": 10, "note": "for me churpi, for nitesh laddu (5+5)"}}, {"model": "expense.expense", "pk": 32, "fields": {"user": 14, "title": "Kobhi", "date": "2024-01-20", "amount": 50, "note": "vegetable, rs40 per kg"}}, {"model": "expense.expense", "pk": 33, "fields": {"user": 14, "title": "Chicken", "date": "2024-01-22", "amount": 100, "note": ""}}, {"model": "expense.expense", "pk": 34, "fields": {"user": 12, "title": "chaiken", "date": "2024-01-22", "amount": 100, "note": "tassty food"}}, {"model": "expense.expense", "pk": 35, "fields": {"user": 12, "title": "aadi", "date": "2024-01-22", "amount": 20, "note": ""}}, {"model": "expense.expense", "pk": 36, "fields": {"user": 12, "title": "kobhi", "date": "2024-01-22", "amount": 50, "note": ""}}, {"model": "expense.expense", "pk": 37, "fields": {"user": 17, "title": "adsf", "date": "2024-01-22", "amount": 100, "note": ""}}, {"model": "expense.expense", "pk": 38, "fields": {"user": 14, "title": "Pharsi Kohara", "date": "2024-01-24", "amount": 50, "note": "70 per kg"}}, {"model": "expense.expense", "pk": 39, "fields": {"user": 17, "title": "haluwa", "date": "2024-01-24", "amount": 20, "note": ""}}, {"model": "expense.expense", "pk": 40, "fields": {"user": 14, "title": "Bhooja", "date": "2024-01-27", "amount": 20, "note": "ate with Nitesh, Chau chau(20) + bhuja(20)"}}, {"model": "expense.expense", "pk": 41, "fields": {"user": 14, "title": "Chau Chau", "date": "2024-01-27", "amount": 20, "note": "to fullfill my taste, after he went"}}, {"model": "expense.expense", "pk": 42, "fields": {"user": 14, "title": "Chicken", "date": "2024-01-28", "amount": 100, "note": "before going Birgunj, i had to finish onion"}}, {"model": "expense.expense", "pk": 43, "fields": {"user": 17, "title": "chicken", "date": "2024-01-28", "amount": 100, "note": ""}}, {"model": "expense.expense", "pk": 44, "fields": {"user": 14, "title": "Bus Ticket", "date": "2024-01-29", "amount": 150, "note": "came in small bus quickly (around 1 hr) also 180 cost only 150 due to less people"}}, {"model": "expense.expense", "pk": 45, "fields": {"user": 20, "title": "Hello", "date": "2024-01-29", "amount": 0, "note": ""}}, {"model": "expense.expense", "pk": 46, "fields": {"user": 14, "title": "Bus Ticket", "date": "2024-02-07", "amount": 150, "note": "from birgunj to hetauda on 6th feb"}}, {"model": "expense.expense", "pk": 47, "fields": {"user": 14, "title": "Chicken", "date": "2024-02-12", "amount": 100, "note": "it was awesome [added dhaniya, lahsun, chillies, adi]"}}, {"model": "expense.expense", "pk": 48, "fields": {"user": 14, "title": "Kobhi", "date": "2024-02-13", "amount": 56, "note": "vegetable  rs40/kg"}}, {"model": "expense.expense", "pk": 49, "fields": {"user": 14, "title": "Barfi", "date": "2024-02-14", "amount": 10, "note": "me and nitesh in the evening"}}, {"model": "expense.expense", "pk": 50, "fields": {"user": 14, "title": "Vim soap", "date": "2024-02-14", "amount": 10, "note": "utensils cleaning soap"}}, {"model": "expense.expense", "pk": 51, "fields": {"user": 14, "title": "kobhi", "date": "2024-02-18", "amount": 45, "note": "vegetable rs40 per kg"}}, {"model": "expense.expense", "pk": 52, "fields": {"user": 14, "title": "rent portion", "date": "2024-02-18", "amount": 3000, "note": "auntie needed money for buying tori(mustard i guess)"}}, {"model": "expense.expense", "pk": 53, "fields": {"user": 14, "title": "Bhaja", "date": "2024-02-19", "amount": 25, "note": "with Nitesh of rs50 divided equally"}}, {"model": "expense.expense", "pk": 54, "fields": {"user": 12, "title": "hi", "date": "2024-02-20", "amount": 0, "note": ""}}, {"model": "expense.expense", "pk": 55, "fields": {"user": 14, "title": "Eggs Snacks", "date": "2024-02-21", "amount": 15, "note": "me and nitesh, ate 2 eggs rs30"}}, {"model": "expense.expense", "pk": 56, "fields": {"user": 14, "title": "Vegetables", "date": "2024-02-24", "amount": 75, "note": "[100 per 3kg]kobhi 50 + dhaniya 25,"}}, {"model": "expense.expense", "pk": 57, "fields": {"user": 14, "title": "Chau Chau", "date": "2024-02-24", "amount": 20, "note": "wai wai for snacks"}}, {"model": "expense.expense", "pk": 58, "fields": {"user": 14, "title": "Bus Ticket", "date": "2024-02-27", "amount": 150, "note": "brg to hetauda"}}]